<?xml version='1.0' encoding='UTF-8'?>
<odoo>
  <record id="studio_customization.templo_96f2d2bb-2305-4fdc-97e4-7aaeb57acf7f" model="ir.ui.menu" context="{'studio': True}">
    <field name="action" eval="False"/>
    <field name="active" eval="True"/>
    <field name="groups_id" eval="[(6, 0, [])]"/>
    <field name="name">Templo</field>
    <field name="parent_id" eval="False"/>
    <field name="sequence">10</field>
    <field name="web_icon">fa fa-pie-chart,#0079BF,#F5F5F5</field>
  </record>
  <record id="studio_customization.templo_membros_7aabe788-3be7-4330-a04c-1eb04a524e93" model="ir.ui.menu" context="{'studio': True}">
    <field name="action" ref="studio_customization.membros_31531020-d4a8-4197-86d1-51b682776e28"/>
    <field name="active" eval="True"/>
    <field name="groups_id" eval="[(6, 0, [])]"/>
    <field name="name">Membros</field>
    <field name="parent_id" ref="studio_customization.templo_96f2d2bb-2305-4fdc-97e4-7aaeb57acf7f"/>
    <field name="sequence">10</field>
    <field name="web_icon" eval="False"/>
  </record>
</odoo>
